Frame,Coordination_Index
30,1.0
31,1.0
32,1.0
33,1.0
34,1.0
35,1.0
36,1.0
37,1.0
38,1.0
39,0.5
40,0.5
41,0.5
42,0.5
43,0.5
44,0.5
45,0.5
46,0.5
47,0.5
48,0.5
49,0.5
50,0.5
51,0.5
52,0.5
53,0.5
54,0.5
55,0.5
56,0.5
57,0.5
58,0.5
59,0.5
60,0.5
61,0.5
62,0.5
63,0.5
64,0.5
65,0.5
66,0.5
67,0.5
68,0.5
69,0.5
70,0.5
71,0.5
72,0.5
73,0.5
74,0.5
75,0.5
76,0.5
77,0.5
78,0.5
79,0.5
80,0.5
81,0.5
82,0.5
83,0.5
84,0.5
85,0.3333333333333333
86,0.3333333333333333
87,0.5
